id,label
296702,expocar.dealer-mazda.ro
4200,bzt.ro
2775,libertateapentrufemei.ro
4957,transavia.ro
40395,casabarcaru.ro
25660,anunturi-ziarul-bursa.ro
208354,cursvalutar.info
32843,recursul.ro
348580,x.bidswitch.net
26117,perlaapusenilor.ro
94,prosport.ro
21474,coralia-online.ro
238634,google.ro
260905,zenithhotel.eu
10846,imopedia.ro
24295,jbimbiromania.ro
21254,directdesign.ro
173112,jandarmeriaarges.ro
1072,playu.ro
25078,rvg.ro
21493,midasmedia.ro
11485,smilemedia.ro
28187,happycinema.ro
2576,divahair.ro
3242,timponline.ro
348962,parintebun.ro
26721,agrooilservice.ro
1671,contributors.ro
25659,anunt-romania-libera.ro
11911,big.store.ro
14489,arhiepiscopiaramnicului.ro
46508,generalautocom.ro
348542,u.heatmap.it
25136,uniqueresidence.ro
4750,okmagazine.ro
210180,copiaza.eu
25821,campionate.ro
197525,test-tube.org.uk
37648,garanta.ro
348647,zip-escort.ro
35841,inoras.ro
30696,goodhomes.ro
216080,ads.imagistica.com
23776,newconceptliving.ro
8161,dollo.ro
39458,romaniahost.ro
2174,sfatulmedicului.ro
173470,asistenti.ro
67124,unarte.ro
32839,autof1.ro
9795,uzpbihor.ro
2974,aktual24.ro
1622,medlife.ro
198884,dailymail.co.uk
25645,bursa-anunt.ro
348956,homeopatiegorj.ro
24064,euro-car.ro
22292,mesageruldealba.ro
25653,anunt-libertatea.ro
197405,andreivochin.ro
23582,certdigital.ro
20521,targuldecariere.ro
2906,someseanul.ro
4970,politiaromana.ro
37095,medimfarm.ro
197550,zerostiri.ro
348610,ws.sharethis.com
201137,issuu.com
197015,lavanguardia.com
197121,invisionboard.com
25655,anunt-bursa.ro
25643,anunt-anuntul-telefonic.ro
32300,ziare-reviste.ro
3763,ziardesuceava.ro
5059,zilesinopti.ro
32533,primariapitesti.ro
14918,horoscopdragoste.ro
197354,openx.imopedia.ro
26010,horoscopurania.ro
204570,vilhem.com
37093,soceram.ro
19875,tremend.ro
348588,bidder.criteo.com
3386,stirisinoutati.ro
19928,profi.ro
14983,campusnews.ro
172966,imobiliareiasi.ro
197530,calinrotarus.ro
197364,wrestlingfan.ro
217164,iuliusmall.com
3207,newsteam.ro
19874,mediaindex.ro
61033,phoenixmedia.ro
196658,instagram.com
26410,mediscamp.ro
19978,ccir.ro
196749,stiridiaspora.com
5085,cronica-gaestiului.ro
197100,l.profitshare.ro
24997,bridealbum.ro
1302,stiripesurse.ro
31140,tam.ro
5832,lyla.ro
197502,sociollogica.blogspot.com
24999,jtgroup.ro
19865,paiata.ro
348537,d2wy8f7a9ursnm.cloudfront.net
2477,kfetele.ro
197030,wordpress.org
217166,books.corect.com
6759,nikonisti.ro
197556,pilotajprof.ro
20719,atelieruldestiri.ro
2222,opiniabuzau.ro
10065,buzoienii.ro
23985,intactinteractive.ro
2077,vremeanoua.ro
5095,calendarulortodox.ro
1427,digi-online.ro
3503,bihon.ro
2086,zdbc.ro
2454,decatorevista.ro
197678,www1.gsp.ro
348617,s2.wp.com
19876,startech.ro
32834,echipafantastica.ro
8860,salveazaoinima.ro
348553,lh3.ggpht.com
9508,opiniaonline.ro
4070,evzmonden.ro
2328,revista22.ro
22280,impact-technic.ro
3636,stiridebistrita.ro
30692,antenai.ro
30681,uzinamecanicavl.ro
20131,centrulnatura.ro
3013,voceavalcii.ro
32309,editmedia.ro
82,szekelyhon.ro
95,ciao.ro
42117,primariabascov.ro
12601,ro-en.ro
347406,cantaacumcumine.protv.ro
212790,w3.org
24065,farmaciile-iris.ro
24591,transilvaniaprint.ro
5049,kissfm.ro
40392,manac.ro
24578,biobrichete.ro
219372,creativ17.info
30679,centrulculturalmioveni.ro
35722,partyoradea.ro
15041,spitfog.ro
40394,khris.ro
1166,proxtv.ro
4125,zhd.ro
348595,fonts.gstatic.com
2475,perfecte.ro
32836,tricolori.ro
9350,stcu.ro
196635,airclaim.com
2710,zfcorporate.ro
21477,gdprschool.ro
25637,rockfm.ro
348644,palatino.ro
10631,stiridesport.ro
10040,agoramag.ro
348544,prg.smartadserver.com
6377,expert-sport.ro
197255,paydemic.com
9610,exquis.ro
173219,consultafaceri.ro
21297,glo.ro
2497,suplimentuldecultura.ro
200626,macromedia.com
348947,parteneri.dcnews.ro
173416,anunturiagricole.com.ro
24293,rentiasicenter.ro
266378,embedgooglemap.net
197702,brandedcont.net
36822,mygsp.ro
252677,atelieruldecreatie.com
25670,anunturi-ziarul-adevarul.ro
197018,winesofchile.org
24474,pizzadejavu.ro
9275,pentruvoi.ro
25686,publicitate-bursa.ro
4321,sibiul.ro
32114,scoalabrancoveneasca.ro
8182,textier.ro
25656,anunt-click.ro
22362,ziarulancheta.ro
25139,nicetourholiday.ro
348608,static.iasifun.ro
260693,seonid.com
24363,avantajoptik.ro
19848,1616.ro
2925,gazetadambovitei.ro
19870,esriro.ro
223801,joomshaper.com
25138,cartargoviste.ro
196642,www4.smartadserver.com
37208,remax.ro
4173,tolo.ro
5486,clicksanatate.ro
348939,suntravel.ro
25144,hanulcutraditii.ro
2504,replicaonline.ro
231523,almavivaservices.eu
1675,palasmall.ro
4731,politiarutiera.ro
25649,libertatea-anunt.ro
1317,wowbiz.ro
197510,gouvernement.fr
18526,promotor.ro
196648,hotnews.md
25648,jurnalul-national-anunturi.ro
3533,oradea.ro
197116,lepoint.fr
29242,networx-ro.ro
2869,avocatnet.ro
197552,theblacksea.eu
39372,parfumeria.ro
23690,vezifirme.ro
17415,eusunt12.ro
17164,cji.ro
11372,cult-ura.ro
3563,istodor.ro
24473,pizzamagic.ro
22402,argesenii.ro
2343,icr.ro
197505,hrituc.ro
172975,stirikanald.ro
197101,web3.protv.ro
38661,prefecturacv.ro
24580,bistritaculturala.ro
2975,antenastars.ro
38149,edituramilitara.ro
23980,sciencefocus.ro
2354,igj.ro
83,mediafax.ro
201210,msn.com
20355,okidoki.ro
197511,premier.gov.pl
173295,medicaltours.ro
173294,pitestiresidence.ro
4643,universulargesean.ro
2503,alistmagazine.ro
197886,schi-romania.blogspot.com
23740,restaurantmileniumvl.ro
9821,jurnalul.ro
260906,exclusivauto.ro
7380,stiridefocsani.ro
5199,ziaruldesalaj.ro
79,evz.ro
348560,m.stirileprotv.ro
196656,appnor.com
20706,inter-auto.ro
10067,ziaruldebaiamare.ro
24067,moaraghionea.ro
200610,dianysmedia.com
18692,vacanta-eurotrip.ro
2905,extranews.ro
24462,gazetaliceanului.ro
205970,themezee.com
197254,clirmedia.ro
196735,iancuguda.ro
2458,glamour.ro
173222,uefromania.ro
348451,comunabradu.ro
20534,novapress.ro
23742,nurvil.ro
172945,casaboltarece.ro
348945,liceultehnbalcescu.ro
348609,stats.ziaruldeiasi.ro
197509,bundesregierung.de
3748,ziardehunedoara.ro
196644,washingtonpost.com
74145,webdedicated.ro
24417,tigersomes.ro
348455,munteniafm.ro
21476,fayoraimobiliare.ro
24015,dieselevents.ro
51175,jandarmeriacovasna.ro
1080,luju.ro
348505,zecedouazeci.ro
24017,rosalcluj.ro
14148,vivafmiasi.ro
172965,micianunturi.ro
348642,taraalmajului.ro
196737,oanaportase.ro
20487,port.ro
196598,sati.ro
348540,admp-tc-sati.adtlgc.com
347422,ralucagabriela.com
45911,powa.ro
196611,ziare.com
283,csalb.ro
42120,emioveni.ro
348937,visitcovasna.com
26116,vipdeva.ro
17903,retetepractice.ro
197119,spacetelescope.org
13007,gts.ro
4550,infocons.ro
348458,forconcid.ro
898,qmagazine.ro
17668,caia.ro
346905,pro-do-mo.ro
75,digisport.ro
198424,automattic.com
347431,hrmagic.ro
208530,wp.me
25002,rainbowkindercampus.ro
173413,anunturigalati.ro
9968,transbusbuzau.ro
196775,ziare.co.ro
15577,anchetadehunedoara.ro
3480,huff.ro
197655,ad.adschemist.com
16154,presshub.ro
348539,ib.adnxs.com
24367,apartamente-pacurari.ro
347427,psk.ro
4807,restaurantlastrada.ro
173217,crama-aramic.ro
196643,bbc.com
32304,vulcanizaremobil.ro
21487,anvico.ro
25676,publicitate-jurnalul-national.ro
197359,3waves.net
36859,citateistete.ro
25000,casacustuf.ro
173468,autotivoli.ro
3340,bzc.ro
20911,fudv.ro
2226,epitesti.ro
19873,rompres.ro
348648,diovo.com
197501,freedomhouse.org
46856,publicitate-click.ro
3874,digi-fm.ro
348948,louispurple.com
20906,videonews.ro
231229,favicon.ico
32842,schiori.ro
29102,constantafinanciara.ro
3344,libhumanitas.ro
196636,comunicate.mediafax.biz
24068,vacantacumasina.ro
42125,hintescaperooms.ro
24992,nscopiers.ro
32116,prowrap.ro
14298,targovistelive.ro
18058,bibliotheca.ro
7520,psihoshop.ro
37128,kombat.ro
27840,neuvoo.ro
20908,antenainternational.ro
2126,bihorstiri.ro
5858,debarbati.ro
29084,delfinariu.ro
25693,anunt-mo.ro
348541,projectagora.s3.amazonaws.com
15355,campinatv.ro
25682,citatii-jurnalul-national.ro
173298,nicolespedition.ro
22282,gym.wellzon.ro
23977,gsptv.ro
3842,pro2.ro
2253,zutv.ro
348596,static.zbcdn.net
37085,mammamia.ro
1399,imobiliare.ro
348651,uberiasi.ro
348464,parfumuri.mio-dolcevita.com
25148,lexprotect.ro
11245,beautiful-minds.ro
25691,e-ziare.com.ro
15978,romanticfm.ro
7060,primariaclujnapoca.ro
253029,aradon.us9.list-manage1.com
196655,dw-world.de
36843,covasna.info.ro
196612,linkedin.com
9273,homezz.ro
18317,vadan.ro
20924,meteoplus.ro
197547,blogdebucurestean.ro
173983,zentiful.ro
7890,coralimpex.ro
197572,meteoalarm.eu
197117,pluto.jhuapl.edu
23641,activemall.ro
35528,sanconfind.ro
2725,alba24.ro
2751,ziardecluj.ro
348620,w.sharethis.com
2411,ph-online.ro
25639,maxpress.ro
23987,seed-consultants.ro
6594,0-100.ro
6464,bizbrasov.ro
3253,procinema.ro
197253,antena2.tv
2615,revistablogurilor.ro
3022,stiri-neamt.ro
173292,primariamosoaia.ro
24535,magnetcv.ro
348574,static.quantcast.mgr.consensu.org
217979,hidroconstructia.com
24994,tracom.ro
2094,paginademedia.ro
197026,concurs.protv.ro
3488,cunoastelumea.ro
50915,stiriauto.ro
6954,naturaliabio.ro
25638,ziare24.ro
28238,lialuciaepure.ro
5112,spit-ct.ro
196736,express.co.uk
196614,digi-world.tv
348960,gstatic.com
25641,concursuri-mo.ro
46876,anunturi-romania-libera-ziar.ro
217003,radicalgrup.com
348619,1.gravatar.com
56030,donaris.ro
18513,vremea.ido.ro
4617,ziarulderoman.ro
39090,mag-instal.ro
14299,ziare-live.ro
173680,avis3000.ro
32831,violamania.ro
348572,d.agkn.com
16452,faramogul.ro
37094,spitalcampina.ro
173058,estetica-glamour.ro
39142,scoala-familiei.ro
18453,inspirecinema.ro
25220,icconsulting.ro
24627,presadiasporei.blogspot.ro
348590,ads.pubmatic.com
228599,weather-atlas.com
4992,informatiahr.ro
60838,jup.ro
198892,shinystat.com
197557,ferma.protv.ro
197515,lacoltulstrazii.ro
24047,rosal.ro
36746,dindragoste.ro
25677,publicitate-romanialibera.ro
32832,cfrmania.ro
197358,yeni.girissuperbahis.com
43390,ziarulimobiliar.ro
32932,fspub.ro
348594,w.profitshare.ro
24438,simex.ro
173059,vetclinicoradea.ro
348659,sportbt.ro
17493,a1.ro
24416,gama-optic.ro
24560,curatatorieagua.ro
90173,hipmenu.ro
26719,elsit.ro
7932,frip.ro
199878,freemeteo.com
25559,installpc.ro
196704,sati.apropomedia.ro
172943,a1iasi.ro
3014,crisana.ro
3738,alerg.ro
2991,rasunetul.ro
37096,temex.ro
24536,pretexpert.ro
177276,it-land.ro
5710,reporterbuzoian.ro
2635,clickpentrufemei.ro
196747,event.2parale.ro
3262,pressalert.ro
197544,economiapentrutoti.blogspot.com
23691,fonduri-europene-sibiu.ro
2228,national.ro
32294,onaxaelectronics.ro
21473,maurer-residence-targumures.ro
3425,hymerion.ro
4120,glasul-hd.ro
50917,equalis.ro
26118,webevolution.ro
348614,p.jwpcdn.com
4999,weradio.ro
33244,agentiarespect.ro
196618,crazyegg.com
24990,ntvonline.ro
72,cancan.ro
5557,dridih-dent.ro
211406,autoclubprofesional.ro
42124,hanul-romanesc.ro
196734,euromoney.com
42678,hyundai-focsani.ro
27497,jurnaldeconsumator.ro
348460,publicsolar.ro
24602,nationalfm.ro
3893,jurnalistii.ro
25688,reviste.com.ro
24365,royaltown.ro
22279,anuntuldebuzau.ro
2229,elle.ro
24175,ajs.ro
42433,lorenaburlacu.ro
23988,intactimages.ro
21669,mersultrenurilorcfr.ro
5228,acasatv.ro
347429,live.bzi.ro
21488,bbimage.ro
321653,geo-sting.ro
197529,menaru.blogspot.com
2188,yve.ro
348543,fonts.googleapis.com
4569,timpark.ro
2473,bzb.ro
173110,politiaarges.ro
515,flixbus.ro
9878,voyo.ro
23739,hotelolanesti.ro
547,historia.ro
197028,go.gba.bbelements.com
197512,vlada.cz
22207,ayurmed.ro
348538,ad.doubleclick.net
25662,publicitate-romania-libera.ro
2976,wall-street.ro
196748,horoscop20.com
29109,distinct.ro
35188,cfr1907.ro
196621,cxense.com
25562,car-mileniul-trei.ro
3181,rfi.ro
826,libertatea.ro
348463,brjag.bg
19850,mediafaxtalks.ro
196773,talent.protv.ro
196731,windowsphone.com
19616,ziareaz.ro
177518,iagency.ro
844,dcnews.ro
196706,observator.tv
347424,carflexicredit.ro
1481,loto.ro
174786,besttaxi.ro
19869,buchete.ro
197513,admin.ch
42701,cartierdoctorcarnabel.ro
348579,connect.facebook.net
197676,interculturel.org
197361,paykasakartal.net
24714,xaosgroup.ro
348583,s.pubmine.com
20910,fundatiamereuaproape.ro
23744,cazicom.ro
3473,auto-bild.ro
173297,jupitercity.ro
348481,club32.ro
25150,ghidulevenimentelorreusite.ro
23696,magnoliaresidence.ro
22283,auroragroup.ro
348450,drancaplapcianu.ro
53538,fastbay.ro
23579,restaurantmarigab.ro
24085,theodoragolfclub.ro
2910,activenews.ro
25651,libertatea-anunturi-matrimoniale.ro
24018,infofer.ro
221700,ro.draexlmaier.com
24603,radiofavoritfm.ro
23599,sninf.ro
2746,magazinsalajean.ro
347420,villasiana.ro
348600,i2.wp.com
2902,stirilekanald.ro
56027,posadavidraru.ro
173476,redustore.ro
2128,subiectiv.ro
200235,palatulbrukenthalavrig.ro
2066,ziarullumina.ro
348536,d1.a4w.ro
200394,www14.smartadserver.com
348449,adicodreanu.info
196733,somasocial.com
17227,mirceamester.ro
3774,handbalvolei.ro
224917,ziare.org
9608,freedomhouse.ro
3736,euractiv.ro
24298,pahar-carton.ro
348592,apis.google.com
197143,api.whatsapp.com
23358,mixich.ro
5584,adriannastase.ro
325583,fnwebs.com
347428,melodiamp3.download
23996,vulping.ro
1378,hbogo.ro
19871,smartwoman.ro
25671,anunt-ziar.ro
348612,widgets.wp.com
23577,aparegio.ro
24601,casa-romaneasca.ro
20525,iwonder.ro
2855,monitorulapararii.ro
25082,msconstructii.ro
23816,solidhouse.ro
2927,noizz.ro
197022,hispatriados.com
55634,infinity-trade.ro
348448,produse.bio-dapa.ro
348578,static.unica.ro
196712,pinterest.com
221811,ticketnet.ro
14657,gustarte.ro
11499,rock-on.ro
29108,networkevents.ro
1888,zi-de-zi.ro
23817,restaurantdoncorleone.ro
348567,transactionalemails.net
39091,salpitflorgreen.ro
197887,miniclip.com
24391,hotelriviera.ro
25647,evenimentul-zilei-anunturi.ro
2574,kudika.ro
848,profm.ro
6463,mesageruldesibiu.ro
17025,icsi.ro
24286,centrulpreoteasa.ro
197357,yeni.girisbetmatik1.com
5831,clovis.ro
197776,adobe.com
10724,farmec.ro
2050,anticariat-unu.ro
25684,publicitate-evenimentul-zilei.ro
36617,t5.ro
30074,masiniunelte.store.ro
30694,myconfidential.ro
25560,solenyy.ro
25690,epublish.ro
26718,premiercom.ro
25689,ziare-online.com.ro
25001,pozimed.ro
21177,engie.ro
1229,e-ziare.ro
348527,ajutacopiii.ro
20129,fotostory.ro
18217,flax.ro
6557,ziaruldecraiova.ro
348571,ow.pubmatic.com
1239,fordbistrita.ro
26720,bere-bauturi.ro
197541,zdnet.com
347430,oammr-arges.ro
25646,capital-anunturi.ro
23819,casaalbastra.ro
348457,holisticbn.ro
263,kanald.ro
27708,cuochiipetine.ro
22956,magicfm.ro
173471,autoservice-dac.ro
69147,pitestiantena1.ro
1977,lajumate.ro
29085,seaview.ro
5006,finantare.ro
22451,biharinaplo.ro
197563,microsoft.com
25683,anunturi-citatii-romania-libera.ro
25140,bizzon.ro
3607,cjarges.ro
23697,e-pneu.ro
32835,dreamcup.ro
197523,balkandefense.com
25669,anunturi-ziar.ro
2660,stiridecluj.ro
8511,comanescu.ro
1054,telekomsport.ro
350,tarom.ro
197677,students4tomorrow.net
197017,eruma.mrecic.gov.ar
197663,travel.ro
7505,fundatiacaleavictoriei.ro
348946,inmatriculari-iasi.ro
200584,feedjit.com
22213,heylux.ro
27115,magictictac.ro
26009,caricaturasai.ro
3469,mditv.ro
2249,centruldepresa.ro
1262,yoda.ro
212510,delicious.com
173301,salonaiko.ro
6079,elacraciun.ro
3852,accentmedia.ro
23984,omn.ro
174788,scm-gloriabuzau.ro
196596,cinstimbinele.stirileprotv.ro
197679,financiarul.com
4986,ziarulargesul.ro
20916,pariori.ro
348640,opel-mhs.ro
24465,gop.ro
12157,maniamall.ro
3247,financiarul.ro
25667,mica-publicitate-locale.ro
24563,ipee.ro
2107,viitorulromaniei.ro
1706,ejobs.ro
196609,romaniatv.net
196639,superspeed.tv
4997,clujulcultural.ro
26209,polaris.ro
3339,reporterntv.ro
56028,hotelposada.ro
24701,urbansiasociatii.ro
2743,ziuadevest.ro
196616,digi-life.tv
33431,spitalpelican.ro
271644,google-analytics.com
23978,topgear.ro
196607,bit.ly
348570,tpc.googlesyndication.com
178143,dcvw.ro
221006,gmpg.org
25642,adevarul-anunturi.ro
21490,hotelgrand.ro
2108,ziarulunirea.ro
221579,meteoblue.com
197352,idunic.ro
78820,tirmagazin.ro
19845,digi-film.ro
10183,newmoney.ro
348493,pasta-box.ro
15700,euro-instal.ro
1305,b1.ro
200827,occrp.org
348653,rulouriexterioare.ro
32930,leap.ro
2370,gorjeanul.ro
20130,stefadina.ro
4257,esri.ro
10498,clickpoftabuna.ro
24478,epsilon-omicron-pulsar.ro
1938,descopera.ro
24463,euroguardsecuritate.ro
15188,darabaneni.ro
348951,bs.serving-sys.com
42126,stejarii-muscelului.ro
348573,gum.criteo.com
7644,monitoruljustitiei.ro
38876,regata.ro
4153,informatiavj.ro
348485,metabond.org
9798,giurgiuveanul.ro
5648,moise.ro
918,avantaje.ro
4410,jurnalbihorean.ro
2480,psychologies.ro
348468,realitateadebotosani.net
23989,intactnews.ro
348652,landrover-aliat.ro
1157,antenaplay.ro
18351,evenimentvalcean.ro
16838,performante.ro
24439,uniconflenjerie.ro
24394,artoprod.ro
215627,presaonline.com
853,click.ro
25666,licitatii-ziare.ro
5866,andreeasava.ro
24562,construiesc-singur.ro
86,sport.ro
348953,gala.visitcovasna.com
348627,ssl.google-analytics.com
23747,astrans.ro
1990,termene.ro
206262,prchecker.info
83191,comunavaleaiasului.ro
204298,enable-javascript.com
19124,infooradea.ro
22600,curiertv.ro
348584,cas.criteo.com
3493,actualdecluj.ro
348557,s.w.org
348598,cdn.rawgit.com
3,envy.ro
24063,ecologic3r.ro
32840,blogsport.ro
348943,cache.dcnews.ro
23813,regalpan.ro
24998,acibadem.com.ro
4040,mtv.ro
32833,craiovamaxima.ro
1306,g4media.ro
173061,cinemapalace.ro
23580,darcom.ro
173472,fabrica-peleti.ro
24469,proactiv.ro
17409,radioinfinit.ro
3186,licitatia.ro
1714,hidroplasto.ro
28506,epicweb.ro
50916,mentorship.ro
25687,publicitate-adevarul.ro
17774,alesdonline.ro
26747,euautopiese.ro
24466,starsecurity.ro
23746,trustul3constructii.ro
327062,buzau.net
197363,citazioni-celebri.com
348160,caramavrov.ro
173302,mariusmizdran.ro
2236,monitorulcj.ro
196608,realitatea.net
23660,nstravel.ro
2918,graiulsalajului.ro
348545,m.evz.ro
3337,apropotv.ro
22284,rerbuzau.ro
19838,incont.ro
196638,onelink.to
25692,publicitate-ziarul-financiar.ro
32303,solarefotovoltaice.ro
23981,theindustry.ro
25640,anunturi-mo.ro
2425,curier.ro
25218,dacia-art.ro
24579,comautosport.ro
38766,esquire.ro
27245,intactmediagroup.ro
2442,ramnicuvalceaweek.ro
6295,worktape.ro
225349,forecast7.com
217167,girocchisoda.com
197122,invisionpower.com
25664,anunturi-in-ziare.ro
348563,m.sport.ro
24477,powerline.ro
78,edupedu.ro
199804,reddit.com
785,uav.ro
348576,static.criteo.net
32306,mediatorgiurgiu.ro
199197,google.com
197539,1.bp.blogspot.com
200609,dianysmedia.info
197356,1.superbahisgiris1.com
197528,cipriannicolae.ro
25668,anunturi-zf.ro
348548,maxcdn.bootstrapcdn.com
41464,intertur.ro
200233,expresoare-sibiu.com
173299,victoria-residence.ro
348511,procapitald.ro
348486,hotel-elite.ro
197553,evenimenteprivate.ro
32663,pentagonevents.ro
348453,gmbuilding.ro
172946,inita.ro
32118,megagym.ro
197329,acvaria.com
3307,licitatie-publica.ro
21735,droancea.ro
24468,lactatenatura.ro
197546,feedads.g.doubleclick.net
10499,transilvaniabusiness.ro
24002,insidecom.ro
24715,xfinityrental.ro
173785,labutoaie.com.ro
24577,leoni.ro
23743,diana.com.ro
18414,hostway.ro
24066,depozitagro.ro
2712,revistacultura.ro
173288,upground.ro
197251,kas.de
173681,prohd.ro
55572,profesionalnewconsult.ro
24467,armandproductions.ro
2071,aradon.ro
173056,deratizareoradea.ro
173296,cofetariaribana.ro
32115,gallaballroom.ro
25658,anunt-jurnalul-national.ro
21277,giftbooks.ro
196741,accuweather.com
23976,antena2.ro
173415,agriculturaromania.ro
198411,nvt.agency
24292,cabinafotodevis.ro
197267,web.whatsapp.com
25685,publicitate-ring.ro
23990,ghimpele.ro
1892,ziaruldeiasi.ro
38346,sebigaz.ro
24993,gmbnet.ro
23578,24systems.ro
10186,recorder.ro
348556,cdnjs.cloudflare.com
211195,allnightescort.nl
24087,jidvei.ro
2981,ziarulprofit.ro
5203,cyd.ro
182368,arsenalpark.ro
692,telekom.ro
22295,floricon.ro
348605,platform-api.sharethis.com
21276,kiaikido.ro
2179,formula-as.ro
7014,justitiecurata.ro
24366,rivertowersiasi.ro
24020,calculatorsalariu.ro
20912,intactmediaacademy.ro
4713,tabu.ro
173414,agriculturagalati.ro
10071,stiridegalati.ro
3472,ardealnews.ro
196653,reuters.com
285,capital.ro
23995,totulredus.ro
23693,sala-conferinta-sibiu.ro
23184,revistafelicia.ro
4194,tele3.ro
24361,caaries.ro
196752,rtv.net
22399,arges-stiri.ro
20622,cursbnr.ro
29304,iasi.volvocarsdealer.ro
19840,progoldtv.ro
4134,gorj-domino.ro
359,playtech.ro
25563,gostats.ro
348616,2.gravatar.com
23689,banca-progresulsb.ro
17856,veolia.ro
196633,stirescu.ro
348582,googletagservices.com
24654,translationagency.ro
5597,tracknews.ro
2919,tvhappy.ro
36823,ygsp.ro
21475,promenadamallmures.ro
39341,lumeaculorilor.ro
2928,botosaneanul.ro
348587,s0.wp.com
289035,trilulilu.site
25695,concesiuni-mo.ro
39092,casalazaroiu.ro
197099,amour.ro
23698,brat.ro
25149,invitatii-nunta-buzau.ro
23982,tipografiaintact.ro
25674,ziare-nationale.ro
24389,dinamicsoft.ro
3537,monitoruldevrancea.ro
176055,planet.ro
40397,zazapizza.ro
53342,maurer-residence.ro
217660,dsmdesign.ro
196750,jocsecund.info
37129,wfan.ro
23699,sna.ro
197023,madridbucarest.blogspot.com
32307,productiereclame.ro
178280,restaurant-senator.ro
2612,tvmania.ro
21342,intercogito.ro
42608,storeday.ro
196602,twitter.com
3021,incomod-media.ro
197574,ziar.com
2662,ambient.ro
4115,stiridesibiu.ro
18082,institutiilestatului.ro
20915,mysport.ro
20299,photonstudio.ro
4551,independentonline.ro
4811,lidl.ro
2406,viata-libera.ro
197524,adrianhalpert.com
24086,opticline.ro
204899,eepurl.com
2459,unica.ro
44,cursdeguvernare.ro
32301,lucmarautofit.ro
5060,incomemagazine.ro
23991,vdtonline.ro
2543,webpr.ro
3728,btonline.ro
348621,mobil.tion.ro
3258,ebihoreanul.ro
2138,garbo.ro
1430,meteoromania.ro
348518,13inktattoo.ro
23688,gorgandin.ro
23745,electroaparatajind.ro
32117,fitgym.ro
196645,theguardian.com
348452,primariacorbi.com
3434,crimetime.ro
197118,apnews.com
196777,travel.kudika.ro
25650,libertatea-anunturi-angajari.ro
24561,maxioferte.ro
13321,meteo.ro
348942,activpentruunviitorcompetitiv.ro
25694,convocari-mo.ro
51889,sfantugheorgheinfo.ro
21489,dafcochim.ro
40398,rent-car.ro
23695,sibiurezidential.ro
16234,maiaoutdoor.ro
339,volkswagen.ro
225013,googleplus.com
3334,animalzoo.ro
27116,romprest.ro
92,hotnews.ro
196743,euforia.tv
41853,publicitate-pe-internet.ro
32845,blogdeliceu.ro
348599,i0.wp.com
2982,obiectivdesuceava.ro
22897,emilstoica.ro
2266,ziaruldevrancea.ro
32841,vochin.ro
21341,lexica.ro
24995,spalitoral.ro
3580,protvplus.ro
2888,sfin.ro
10064,faa.ro
24362,modena.ro
23694,eurosibimobiliare.ro
81861,freestylesport.ro
27246,inwise.ro
22293,webleaf.ro
9855,femina.ro
25679,publicitate-ziare-fonduri-europene.ro
24626,incomod-media.blogspot.ro
25219,pcnet-catv.ro
3260,telegrafonline.ro
348957,parchetdurabil.ro
5566,adrianstanciu.ro
9910,ztv.ro
348958,themoscowtimes.com
25644,anunturi-romanialibera.ro
348604,clientcdn.pushengage.com
196599,stat.trafic.ro
22285,ovidiusmedical.ro
209786,tractari-tecuci.com
4207,pandurul.ro
25681,anunturi-citatii-evenimentul-zilei.ro
211118,vk.com
283759,worldweatheronline.com
14693,euroexpo.ro
289044,tracking-feed.nxthost.com
5665,cna.ro
25654,libertatea-anunturi.ro
173474,vasilealecsandrifocsani.ro
196657,youtube.com
348466,investigativedashboard.org
198731,themeforest.net
19863,foodstory.ro
173683,realsport.ro
197540,googleenterprise.blogspot.ca
1274,bilete.ro
197537,amazon.com
14242,medicalnet.ro
25657,anunt-evenimentul-zilei.ro
24019,airportcluj.ro
39017,mmstoica.ro
348954,taramearomania.ro
257618,bihon.us9.list-manage1.com
851,adevarul.ro
348519,"www,stirikanald.ro"
76,digi24.ro
289045,nxthub.com
25665,citatii-ziare-locale.ro
20893,openenergy.ro
23983,intactproduction.ro
197555,pepiniera.com
25680,anunturi-citatii-adevarul.ro
348586,googleads.g.doubleclick.net
197508,gabriel-sincu.com
10816,matrimoniale.ro
348565,netdna.bootstrapcdn.com
348936,adisimd.ro
25151,publicitateinbuzau.ro
17518,clubmistic.ro
21673,aromacopou.ro
6589,evzpremium.ro
197542,dataliberation.org
1989,mobexpert.ro
24259,boromir.ro
24296,cazarevileeforie.ro
2453,agerpres.ro
348949,primexprod.ro
42659,novagym.ro
27244,scienceworld.ro
25826,anunturipenet.ro
348434,scotianul.ro
866,flanco.ro
198029,booking.com
348585,aax.amazon-adsystem.com
41365,eventscape.ro
2864,startupcafe.ro
27189,certificatenergetic-arges.ro
1316,spynews.ro
25663,anunturi-angajari-ziare.ro
23814,eforieonline.ro
348601,i1.wp.com
839,verdict.ro
23268,styleandthecity.ro
172953,iliaspapageorgiadis.ro
348628,static.xx.fbcdn.net
2861,ziarulevenimentul.ro
173300,ufukstyle.ro
23741,pensiunea2brazi.ro
227152,tunein.com
197353,cheferetv.net
2606,safetybroker.ro
260350,atp-motors.com
172944,grandchef.ro
33265,supererou.ro
3921,soundstudio.ro
27190,casacumperi.ro
8464,proconstanta.ro
28359,ivoryromania.ro
22957,mamaiafm.ro
196600,casting.a1.ro
172949,iasinet.ro
20036,hosterion.ro
197019,viarumania.com
24415,avocatinsolventasuceava.ro
2859,ziarulclujean.ro
10840,aerotim.ro
25137,horoscop.ro
3195,emaramures.ro
73,stirileprotv.ro
348487,shoppingcitypiatraneamt.ro
248166,scontent.xx.fbcdn.net
30323,etajul6.ro
320197,drsiclovan.com
315032,cosmopharm.eu
2177,bzi.ro
3301,astrocafe.ro
217168,hantigelectricservice.com
27707,pavajdesign.ro
196654,afp.com
196610,ringier.ro
197701,gameofthrones.wikia.com
198101,lefigaro.fr
23549,axa-traduceri.ro
1017,universt.ro
348575,ro-gmtdmp.mookie1.com
197654,vimeo.com
24996,catalina-optic.ro
348630,mobil.bihon.ro
348618,public-api.wordpress.com
40385,fain-natural.ro
33243,mediatic.ro
696,bnr.ro
197651,ziare-reviste.biz
348613,0.gravatar.com
42122,sedc-mioveni.ro
32414,obelixsofa.ro
24600,valoris-electrice.ro
25393,swiss-contribution.ro
197533,businessday.ro
7197,upit.ro
197506,asociatiaenergiainteligenta.ro
197664,stirile.rol.ro
2650,businessmagazin.ro
196776,romania.org
79468,pogromuldelaiasi.ro
24029,banat-net.ro
1056,utv.ro
199,legi-internet.ro
3458,bistriteanul.ro
657,csid.ro
197527,flickr.com
24542,smilecredit.ro
24176,salaj-info.ro
196585,gandul.info
10261,anaf.ro
13140,albastiri.ro
36825,iasisport.ro
204569,despretrafic.ro
173700,quickdata.ro
23815,speedescort.ro
27188,global-adc.ro
7872,retim.ro
196597,admin.perfecte.ro
224911,pagead2.googlesyndication.com
32305,sunnyfood.ro
31093,antena1.ro
24581,linuxship.ro
25696,pierderi-acte-mo.ro
196649,feher.live
21491,jobbot.ro
173682,sportclass.ro
264309,tion.us9.list-manage1.com
2109,cugetliber.ro
348938,stormer.ro
6475,sibiu100.ro
348944,sniff.dcnews.ro
26126,smbsecurity.ro
20740,diicot.ro
197810,digg.com
14098,ziardearad.ro
11127,dumitruchisalita.ro
23986,logicons.ro
25221,citycasa.remsimobiliare.ro
22199,muzeulliteraturiiiasi.ro
32119,vitalitystudio.ro
348602,secure.gravatar.com
9936,apavil.ro
348611,jetpack.wordpress.com
23979,goodfood.ro
23775,logo1.ro
2508,dilemaveche.ro
348510,romania24.ro
26115,delgaz.ro
25661,anunt-ring.ro
3291,simprocom.ro
37971,escalade.ro
2136,one.ro
4165,riseproject.ro
32830,rapidisti.ro
33305,starjunior.ro
5747,sighet247.ro
197802,stumbleupon.com
25678,publicitate-libertatea.ro
19749,trafic.ro
21311,prologue.ro
2699,obiectivbr.ro
348626,staticxx.facebook.com
71,gsp.ro
93,protv.ro
23644,industrialparc.ro
50462,aimgroup.ro
30181,isuarges.ro
36820,cfronline.ro
39339,tbrcm.ro
1315,antena3.ro
233618,gostats.org
24476,five-continents.ro
2641,petreanu.ro
348566,static4.libertatea.ro
173057,davacloud.ro
42707,beturi.ro
197038,statcounter.com
21482,monitoruldemedias.ro
20750,play-solutions.ro
229510,wp.magnium-themes.com
197538,romaniadeieri.blogspot.com
21485,uh.ro
196634,binbox.com
197025,alexamayaquer.blogspot.com
1934,didactic.ro
23662,domeniulgirbea.ro
123,univagora.ro
347109,vlad.protv.ro
6537,comedymall.ro
277606,drgruia.com
21300,netvibes.ro
12706,triptop.ro
1634,parklake.ro
348615,s1.wp.com
174120,atlassport.ro
723,bvb.ro
3466,monitoruldegalati.ro
2973,radu-tudor.ro
9442,notabn.ro
3222,blacknews.ro
6300,uvvg.ro
197360,legalkart.com
199015,histats.com
5294,doctorulzilei.ro
348484,metalubs.org
32828,stelisti.ro
24393,minet.ro
3588,iasitvlife.ro
20711,tetarom.ro
348514,linkto.run
197526,gov.uk
32829,dinamovisti.ro
17582,primaria-medgidia.ro
210791,themegrill.com
13236,carzz.ro
3483,stiridebuzau.ro
6551,portokal.ro
5746,dcbusiness.ro
5231,luckystudio.ro
67890,ziuact.ro
56025,cabana-cumpana.ro
347423,adserver.alba24.ro
273607,currency.wiki
239771,pensiunea-cristina.com
2972,turnulsfatului.ro
260338,dw.com
1434,go4it.ro
69320,cabanacapra.ro
348589,gads.pubmatic.com
22281,euphoria.com.ro
9150,sursadesanatate.ro
214767,dezmembrariautomond.ro
26516,goodpoint.com.ro
200076,careers.vcst.com
36192,senatordanlungu.ro
348961,darkelite.ro
347436,publicitate-pe-activenews.ro
114,ctpcj.ro
173813,investigatorul.ro
4018,coduripostale.ro
23261,stirideturnu.ro
348625,pixel.rubiconproject.com
23992,fin.ro
260904,complexvrajamarii.ro
2921,sursata.ro
858,viva.ro
19862,internetprotv.ro
831,rol.ro
19843,filmnow.ro
5047,imoradar24.ro
23692,certificare-iso-sibiu.ro
24390,annabella.ro
821,tion.ro
10270,mxhost.ro
200622,secondtex.ro
40396,lafereastra.ro
18105,infotr.ro
428,ziuaconstanta.ro
348554,ajax.googleapis.com
3539,radiozu.ro
20356,m.ro
25561,apabotosani.ro
25652,anunt-adevarul.ro
3462,stiridiaspora.ro
204568,elsaco.com
217974,lotostats.ro
36826,bacausport.ro
177268,cloudini.ro
21492,makona.ro
2421,tribuna.ro
3492,bzv.ro
36821,kvsc1907.ro
26125,ydail.ro
175795,sbinfo.ro
348581,v0.wordpress.com
12884,ub-filosofie.ro
33476,militari-residence.ro
24392,sanovita.ro
3354,polirom.ro
835,mazda.ro
39785,fordbdt.ro
2889,arenavalceana.ro
7568,fundatiadanvoiculescu.ro
197554,magnetituristici.shopmania.biz
4085,stiricurate.ro
348507,sevis.ro
3479,4tuning.ro
24811,psksolution.ro
27928,integraldesign.ro
25244,rersud.ro
348433,brick-romania.ro
260692,ydetector.com
348622,mobil.aradon.ro
24475,farmaciaanca.ro
2444,zf.ro
6584,ct100.ro
3757,stiri.com.ro
40386,revevol.ro
1716,autopieseonline24.ro
347416,nxthost.ro
21736,infoseo.ro
16499,alcooliciianonimi.ro
34704,incaltaminte-mopiel.ro
196631,goo.gl
32844,usmedia.ro
4614,buhnici.ro
23777,artsoftsolutions.ro
24716,quicksecurity.ro
4967,gazetavalceana.ro
16576,sevda.ro
214751,akismet.com
196744,ideomedia.biz
196615,digi-animalworld.tv
2884,bugetul.ro
173679,jos-palaria.ro
14798,nationaltv.ro
25675,publicitate-craiova.ro
3415,caietesilvane.ro
25673,citatii-ziare.ro
197024,legiovhispana.blogia.com
5453,cermed.ro
31297,butelii247.ro
347418,adserver.viata-libera.ro
25672,anunturi-ziare-nationale.ro
19866,paiataparty.ro
